{
  "non_roaming_optimistic": {
    "1.5": {
      "AUROC": {
        "power": 1.0,
        "mean_auroc": 0.7649941364957717,
        "std_auroc": 0.025493955438077028,
        "mean_pvalue": 6.9989216843788585e-12,
        "n_sim": 200,
        "alpha": 0.05
      },
      "Fisher": {
        "10": {
          "power": 0.845,
          "k": 10,
          "mean_or": 16.63307116272092,
          "n_sim": 200,
          "alpha": 0.05
        },
        "20": {
          "power": 0.985,
          "k": 20,
          "mean_or": 12.000832590796117,
          "n_sim": 200,
          "alpha": 0.05
        },
        "50": {
          "power": 1.0,
          "k": 50,
          "mean_or": 8.434629465772822,
          "n_sim": 200,
          "alpha": 0.05
        }
      },
      "theoretical_auroc": 0.7632413141651605
    },
    "2.0": {
      "AUROC": {
        "power": 1.0,
        "mean_auroc": 0.8905045504096194,
        "std_auroc": 0.01803866192380058,
        "mean_pvalue": 1.0682979362061834e-29,
        "n_sim": 200,
        "alpha": 0.05
      },
      "Fisher": {
        "10": {
          "power": 1.0,
          "k": 10,
          "mean_or": 84.5927870428532,
          "n_sim": 200,
          "alpha": 0.05
        },
        "20": {
          "power": 1.0,
          "k": 20,
          "mean_or": 80.13898196720285,
          "n_sim": 200,
          "alpha": 0.05
        },
        "50": {
          "power": 1.0,
          "k": 50,
          "mean_or": 33.53914967660487,
          "n_sim": 200,
          "alpha": 0.05
        }
      },
      "theoretical_auroc": 0.8897731666832267
    },
    "3.0": {
      "AUROC": {
        "power": 1.0,
        "mean_auroc": 0.9740862843551796,
        "std_auroc": 0.006581092058202336,
        "mean_pvalue": 2.0469476597129998e-48,
        "n_sim": 200,
        "alpha": 0.05
      },
      "Fisher": {
        "10": {
          "power": 1.0,
          "k": 10,
          "mean_or": 156.64556962025316,
          "n_sim": 200,
          "alpha": 0.05
        },
        "20": {
          "power": 1.0,
          "k": 20,
          "mean_or": 354.94038735904405,
          "n_sim": 200,
          "alpha": 0.05
        },
        "50": {
          "power": 1.0,
          "k": 50,
          "mean_or": 377.954837496853,
          "n_sim": 200,
          "alpha": 0.05
        }
      },
      "theoretical_auroc": 0.9739369271929772
    },
    "5.0": {
      "AUROC": {
        "power": 1.0,
        "mean_auroc": 0.9977198401162791,
        "std_auroc": 0.0014372737624287098,
        "mean_pvalue": 1.630570060882961e-55,
        "n_sim": 200,
        "alpha": 0.05
      },
      "Fisher": {
        "10": {
          "power": 1.0,
          "k": 10,
          "mean_or": NaN,
          "n_sim": 200,
          "alpha": 0.05
        },
        "20": {
          "power": 1.0,
          "k": 20,
          "mean_or": NaN,
          "n_sim": 200,
          "alpha": 0.05
        },
        "50": {
          "power": 1.0,
          "k": 50,
          "mean_or": 1727.5641025641023,
          "n_sim": 200,
          "alpha": 0.05
        }
      },
      "theoretical_auroc": 0.9977802036173617
    }
  },
  "roaming_pooled_25animals": {
    "1.5": {
      "AUROC": {
        "power": 1.0,
        "mean_auroc": 0.6550422420058141,
        "std_auroc": 0.027866308176373946,
        "mean_pvalue": 0.00012716697925865182,
        "n_sim": 200,
        "alpha": 0.05
      },
      "Fisher": {
        "10": {
          "power": 0.38,
          "k": 10,
          "mean_or": 5.237940478783329,
          "n_sim": 200,
          "alpha": 0.05
        },
        "20": {
          "power": 0.605,
          "k": 20,
          "mean_or": 4.351923135222204,
          "n_sim": 200,
          "alpha": 0.05
        },
        "50": {
          "power": 0.82,
          "k": 50,
          "mean_or": 3.69125774006306,
          "n_sim": 200,
          "alpha": 0.05
        }
      },
      "theoretical_auroc": 0.6589435555399971
    },
    "2.0": {
      "AUROC": {
        "power": 1.0,
        "mean_auroc": 0.7570077133985201,
        "std_auroc": 0.025467242547779795,
        "mean_pvalue": 1.769681292998791e-11,
        "n_sim": 200,
        "alpha": 0.05
      },
      "Fisher": {
        "10": {
          "power": 0.86,
          "k": 10,
          "mean_or": 14.739185715127892,
          "n_sim": 200,
          "alpha": 0.05
        },
        "20": {
          "power": 0.995,
          "k": 20,
          "mean_or": 11.274217764336314,
          "n_sim": 200,
          "alpha": 0.05
        },
        "50": {
          "power": 1.0,
          "k": 50,
          "mean_or": 8.160587683552283,
          "n_sim": 200,
          "alpha": 0.05
        }
      },
      "theoretical_auroc": 0.7580939199992096
    },
    "3.0": {
      "AUROC": {
        "power": 1.0,
        "mean_auroc": 0.8669762073863637,
        "std_auroc": 0.020360949509117494,
        "mean_pvalue": 3.2227265066260066e-24,
        "n_sim": 200,
        "alpha": 0.05
      },
      "Fisher": {
        "10": {
          "power": 1.0,
          "k": 10,
          "mean_or": 65.55904569540218,
          "n_sim": 200,
          "alpha": 0.05
        },
        "20": {
          "power": 1.0,
          "k": 20,
          "mean_or": 42.7731969631581,
          "n_sim": 200,
          "alpha": 0.05
        },
        "50": {
          "power": 1.0,
          "k": 50,
          "mean_or": 24.879473979174854,
          "n_sim": 200,
          "alpha": 0.05
        }
      },
      "theoretical_auroc": 0.8664500627570301
    },
    "5.0": {
      "AUROC": {
        "power": 1.0,
        "mean_auroc": 0.9486111753435519,
        "std_auroc": 0.010106861266679092,
        "mean_pvalue": 1.0175537826632046e-42,
        "n_sim": 200,
        "alpha": 0.05
      },
      "Fisher": {
        "10": {
          "power": 1.0,
          "k": 10,
          "mean_or": 143.90707968409916,
          "n_sim": 200,
          "alpha": 0.05
        },
        "20": {
          "power": 1.0,
          "k": 20,
          "mean_or": 250.7541599747763,
          "n_sim": 200,
          "alpha": 0.05
        },
        "50": {
          "power": 1.0,
          "k": 50,
          "mean_or": 116.09736944878465,
          "n_sim": 200,
          "alpha": 0.05
        }
      },
      "theoretical_auroc": 0.9480015339662767
    }
  },
  "roaming_conservative": {
    "1.5": {
      "AUROC": {
        "power": 0.78,
        "mean_auroc": 0.5747990304571882,
        "std_auroc": 0.030693158309882822,
        "mean_pvalue": 0.04632301044081576,
        "n_sim": 200,
        "alpha": 0.05
      },
      "Fisher": {
        "10": {
          "power": 0.085,
          "k": 10,
          "mean_or": 2.282605697932742,
          "n_sim": 200,
          "alpha": 0.05
        },
        "20": {
          "power": 0.125,
          "k": 20,
          "mean_or": 1.8921369594528272,
          "n_sim": 200,
          "alpha": 0.05
        },
        "50": {
          "power": 0.23,
          "k": 50,
          "mean_or": 1.8773777019289528,
          "n_sim": 200,
          "alpha": 0.05
        }
      },
      "theoretical_auroc": 0.5757912949241782
    },
    "2.0": {
      "AUROC": {
        "power": 1.0,
        "mean_auroc": 0.6272086416490487,
        "std_auroc": 0.02894937923967493,
        "mean_pvalue": 0.0012858373981907564,
        "n_sim": 200,
        "alpha": 0.05
      },
      "Fisher": {
        "10": {
          "power": 0.26,
          "k": 10,
          "mean_or": 3.9280380836355846,
          "n_sim": 200,
          "alpha": 0.05
        },
        "20": {
          "power": 0.415,
          "k": 20,
          "mean_or": 3.4510819831097734,
          "n_sim": 200,
          "alpha": 0.05
        },
        "50": {
          "power": 0.52,
          "k": 50,
          "mean_or": 2.727269559683283,
          "n_sim": 200,
          "alpha": 0.05
        }
      },
      "theoretical_auroc": 0.6280725368645759
    },