{
  "rho_DO_DQ": 0.3310745897981739,
  "top20_DO": [
    [
      1,
      "AVER-I1L",
      -0.09257496669912574,
      -0.21602363845218633,
      2,
      false
    ],
    [
      2,
      "ADEL-URYVR",
      -0.06880039698078091,
      -0.12215820457863849,
      5,
      true
    ],
    [
      3,
      "IL1DR-URYVR",
      -0.06066288994705728,
      -0.25405666619857037,
      1,
      false
    ],
    [
      4,
      "ADEL-RMEL",
      -0.054900309943477166,
      -0.09565655648982868,
      10,
      true
    ],
    [
      5,
      "AVEL-RIVL",
      -0.05207070311472765,
      -0.07318491849114903,
      20,
      false
    ],
    [
      6,
      "ADEL-URYDL",
      -0.04978273426434956,
      -0.09800025333625481,
      9,
      true
    ],
    [
      7,
      "AVER-AWAL",
      -0.04558128452966939,
      -0.10940940091004944,
      6,
      false
    ],
    [
      8,
      "AVJR-OLQVR",
      -0.04557601093373238,
      -0.16140494813741726,
      4,
      false
    ],
    [
      9,
      "AVJR-OLLR",
      -0.045298865223630254,
      -0.16971550559443263,
      3,
      false
    ],
    [
      10,
      "CEPDR-URXL",
      -0.03997249844388228,
      -0.053541020288586066,
      40,
      false
    ],
    [
      11,
      "CEPDR-IL2VR",
      -0.03926124936911012,
      -0.08629394671768947,
      14,
      false
    ],
    [
      12,
      "ASGL-RMDVL",
      -0.03714600445054184,
      -0.0745117902724545,
      18,
      false
    ],
    [
      13,
      "OLLR-RICL",
      -0.03645917048825688,
      -0.0985210738578989,
      8,
      false
    ],
    [
      14,
      "I1L-IL2DR",
      0.036181195807944024,
      0.09032058757318004,
      11,
      false
    ],
    [
      15,
      "FLPL-OLLL",
      -0.03471321714088806,
      -0.06063191834657211,
      30,
      false
    ],
    [
      16,
      "ASEL-CEPDR",
      0.03451010446452641,
      0.03534329797889371,
      85,
      false
    ],
    [
      17,
      "AVEL-URBL",
      -0.03446236969257946,
      -0.059108798324392336,
      31,
      false
    ],
    [
      18,
      "AVER-NSMR",
      -0.034349131613130295,
      -0.07497528856116806,
      17,
      false
    ],
    [
      19,
      "CEPDR-IL2VL",
      -0.03334607013108875,
      -0.08907304418463172,
      12,
      false
    ],
    [
      20,
      "AVDL-URYDL",
      -0.03125113096009356,
      -0.055800643065032435,
      38,
      true
    ]
  ],
  "rmel_rmer": {
    "do": -0.025446968705615892,
    "do_rank": 38,
    "dq": -0.057909561173292184,
    "dq_rank": 32
  },
  "enrichment_DO": {
    "pdf_auroc": 0.5329,
    "pdf_p_deg": 0.196,
    "pdf_fisher20": 4,
    "ser_auroc": 0.4649,
    "ser_p_deg": 0.75,
    "comb_auroc": 0.5089,
    "comb_p_deg": 0.388,
    "comb_fisher20": 4
  },
  "enrichment_DQ": {
    "pdf_auroc": 0.556,
    "pdf_p_deg": 0.02,
    "pdf_fisher20": 4,
    "ser_auroc": 0.4953,
    "ser_p_deg": 0.555,
    "comb_auroc": 0.5356,
    "comb_p_deg": 0.059,
    "comb_fisher20": 4
  }
}