{
  "10": {
    "k": 10,
    "top_k_dcorr": {
      "mean": 0.02888318242439821,
      "median": 0.024602868045227412,
      "std": 0.014389669069688011,
      "p10": 0.016355268676131227,
      "p90": 0.050423065297137776
    },
    "all_dcorr": {
      "mean": 0.04762929133890561,
      "median": 0.04129767646114874,
      "std": 0.025838478915513996,
      "p10": 0.021820236236312872,
      "p90": 0.08184503794604946
    },
    "C_class_dcorr": {
      "mean": 0.05171823732197123,
      "median": 0.04504619733099323,
      "std": 0.027706528220616505,
      "p10": 0.02350775555963865,
      "p90": 0.0914450709856343
    },
    "top10pct_C_dcorr": {
      "mean": 0.11365096975253257,
      "median": 0.10765462330312664,
      "std": 0.020513133781271814,
      "p10": 0.09448751497402294,
      "p90": 0.14299819191793964
    },
    "mw_topk_gt_all_p": 0.9976184519352493,
    "n_top10pct_C_in_topk": 0
  },
  "20": {
    "k": 20,
    "top_k_dcorr": {
      "mean": 0.03385778157599072,
      "median": 0.03034010627747488,
      "std": 0.01953513707022538,
      "p10": 0.01522069034307063,
      "p90": 0.05330816717686056
    },
    "all_dcorr": {
      "mean": 0.04762929133890561,
      "median": 0.04129767646114874,
      "std": 0.025838478915513996,
      "p10": 0.021820236236312872,
      "p90": 0.08184503794604946
    },
    "C_class_dcorr": {
      "mean": 0.05171823732197123,
      "median": 0.04504619733099323,
      "std": 0.027706528220616505,
      "p10": 0.02350775555963865,
      "p90": 0.0914450709856343
    },
    "top10pct_C_dcorr": {
      "mean": 0.11365096975253257,
      "median": 0.10765462330312664,
      "std": 0.020513133781271814,
      "p10": 0.09448751497402294,
      "p90": 0.14299819191793964
    },
    "mw_topk_gt_all_p": 0.9974527151527537,
    "n_top10pct_C_in_topk": 0
  },
  "50": {
    "k": 50,
    "top_k_dcorr": {
      "mean": 0.04546528006921648,
      "median": 0.04368593000018254,
      "std": 0.025311081433248825,
      "p10": 0.016670810360612773,
      "p90": 0.07620448331900362
    },
    "all_dcorr": {
      "mean": 0.04762929133890561,
      "median": 0.04129767646114874,
      "std": 0.025838478915513996,
      "p10": 0.021820236236312872,
      "p90": 0.08184503794604946
    },
    "C_class_dcorr": {
      "mean": 0.05171823732197123,
      "median": 0.04504619733099323,
      "std": 0.027706528220616505,
      "p10": 0.02350775555963865,
      "p90": 0.0914450709856343
    },
    "top10pct_C_dcorr": {
      "mean": 0.11365096975253257,
      "median": 0.10765462330312664,
      "std": 0.020513133781271814,
      "p10": 0.09448751497402294,
      "p90": 0.14299819191793964
    },
    "mw_topk_gt_all_p": 0.6971020633717437,
    "n_top10pct_C_in_topk": 0
  },
  "100": {
    "k": 100,
    "top_k_dcorr": {
      "mean": 0.05079890681419008,
      "median": 0.048015753129446476,
      "std": 0.029684129035888945,
      "p10": 0.019363782235722167,
      "p90": 0.08463702968508223
    },
    "all_dcorr": {
      "mean": 0.04762929133890561,
      "median": 0.04129767646114874,
      "std": 0.025838478915513996,
      "p10": 0.021820236236312872,
      "p90": 0.08184503794604946
    },
    "C_class_dcorr": {
      "mean": 0.05171823732197123,
      "median": 0.04504619733099323,
      "std": 0.027706528220616505,
      "p10": 0.02350775555963865,
      "p90": 0.0914450709856343
    },
    "top10pct_C_dcorr": {
      "mean": 0.11365096975253257,
      "median": 0.10765462330312664,
      "std": 0.020513133781271814,
      "p10": 0.09448751497402294,
      "p90": 0.14299819191793964
    },
    "mw_topk_gt_all_p": 0.17217765467262386,
    "n_top10pct_C_in_topk": 1
  }
}