{
  "c_score_correlates": {
    "direct_structural": {
      "rho": -0.4071,
      "p": 0.0,
      "direction": "negative"
    },
    "sareachable": {
      "rho": -0.0847,
      "p": 3.186276483093454e-17,
      "direction": "negative"
    },
    "path_strength": {
      "rho": -0.0873,
      "p": 3.3289755268178054e-18,
      "direction": "negative"
    },
    "delta_corr (|\u0394Corr|)": {
      "rho": -0.1403,
      "p": 1.038737055861836e-44,
      "direction": "negative"
    },
    "raw_corr": {
      "rho": -0.1555,
      "p": 1.2648830737426164e-54,
      "direction": "negative"
    },
    "same_module": {
      "rho": -0.2676,
      "p": 6.319343638295352e-162,
      "direction": "negative"
    },
    "is_C": {
      "rho": -0.0503,
      "p": 5.484829891799768e-07,
      "direction": "negative"
    },
    "is_S": {
      "rho": -0.2669,
      "p": 4.368214537514308e-161,
      "direction": "negative"
    },
    "is_N": {
      "rho": 0.2357,
      "p": 4.635273319527643e-125,
      "direction": "positive"
    },
    "S_score": {
      "rho": -0.9968,
      "p": 0.0,
      "direction": "negative"
    }
  },
  "s_score_correlates": {
    "direct_structural": {
      "rho": 0.4077,
      "p": 0.0
    },
    "sareachable": {
      "rho": 0.0865,
      "p": 6.85529754770983e-18
    },
    "path_strength": {
      "rho": 0.0891,
      "p": 6.479894821929335e-19
    },
    "delta_corr (|\u0394Corr|)": {
      "rho": 0.1436,
      "p": 8.932128699500136e-47
    },
    "raw_corr": {
      "rho": 0.1712,
      "p": 5.048753327228932e-66
    },
    "same_module": {
      "rho": 0.2672,
      "p": 2.0147876514278697e-161
    },
    "is_C": {
      "rho": 0.0518,
      "p": 2.4575700846182137e-07
    },
    "is_S": {
      "rho": 0.2671,
      "p": 2.8069580776144422e-161
    },
    "is_N": {
      "rho": -0.2373,
      "p": 9.23418896200799e-127
    },
    "S_score": {
      "rho": 1.0,
      "p": 0.0
    }
  },
  "class_conditional_c_score": {
    "S": {
      "n": 497,
      "mean": 0.22068277455747112,
      "median": 0.22839782200932857,
      "std": 0.02804936885238412,
      "p10": 0.18733787800019924,
      "p90": 0.24613291046736516
    },
    "C": {
      "n": 857,
      "mean": 0.24253201718153217,
      "median": 0.2458114800482762,
      "std": 0.01087950978550366,
      "p10": 0.2343244637038276,
      "p90": 0.24939200624735464
    },
    "M": {
      "n": 89,
      "mean": 0.22085468002689104,
      "median": 0.22867124096548203,
      "std": 0.024530314951898755,
      "p10": 0.18152285239344132,
      "p90": 0.24585721527794555
    },
    "N": {
      "n": 8457,
      "mean": 0.24440710078387848,
      "median": 0.24695582212802136,
      "std": 0.009348759525167677,
      "p10": 0.2381214592107039,
      "p90": 0.24969079452101334
    }
  },
  "within_C_c_score_path_strength": {
    "rho": -0.18659639469571968,
    "p": 3.734753478045206e-08
  },
  "within_C_c_score_dcorr": {
    "rho": -0.16230024562825301,
    "p": 1.7878623764647492e-06
  },
  "top_vs_bottom_100": {
    "top100": {
      "n_N": 96,
      "n_S": 1,
      "n_C": 3,
      "mean_dcorr": 0.05079890681419008,
      "mean_rawcorr": 0.5543071517984437,
      "pct_same_module": 0.1,
      "pct_direct": 0.02
    },
    "bot100": {
      "n_N": 40,
      "n_S": 43,
      "n_C": 7,
      "mean_dcorr": 0.05489134168793084,
      "mean_rawcorr": 0.580503507305027,
      "pct_same_module": 0.58,
      "pct_direct": 0.88
    }
  }
}