{
  "c1_diffusion_timescale": {
    "1": {
      "diag_roam_mean": 0.41762584044857076,
      "diag_dwell_mean": 0.3989723880734135,
      "diag_roam_norm_mean": 0.41762584044857076,
      "diag_dwell_norm_mean": 0.3989723880734135,
      "diag_roam_cv": 0.17688885236936816,
      "diag_dwell_cv": 0.10498376296886494,
      "diag_delta_mean": 0.018653452375157246,
      "diag_delta_range": [
        -0.16707000946856976,
        0.22473893281765644
      ],
      "rho_diag_r_vs_tau1": 1.0,
      "rho_diag_d_vs_tau1": 1.0,
      "rho_diag_roam_dwell": 0.13849814912744576,
      "frob_dD": 0.775726248491435,
      "frob_Dr": 3.349469453830714,
      "rel_change": 0.2315967526153296,
      "rho_dD_DQ_c4": 0.05569266181211396,
      "p_dD_DQ_c4": 0.04298704876140852
    },
    "2": {
      "diag_roam_mean": 0.6230696131291398,
      "diag_dwell_mean": 0.6187665452082612,
      "diag_roam_norm_mean": 0.3115348065645699,
      "diag_dwell_norm_mean": 0.3093832726041306,
      "diag_roam_cv": 0.14744111297548376,
      "diag_dwell_cv": 0.08554031205058232,
      "diag_delta_mean": 0.004303067920878532,
      "diag_delta_range": [
        -0.20608207693773495,
        0.21635457815639614
      ],
      "rho_diag_r_vs_tau1": 0.9605499735589634,
      "rho_diag_d_vs_tau1": 0.9151242728714966,
      "rho_diag_roam_dwell": 0.19153886832363826,
      "frob_dD": 1.0849373405318392,
      "frob_Dr": 5.005096474264333,
      "rel_change": 0.21676651910916608,
      "rho_dD_DQ_c4": 0.09240597412468891,
      "p_dD_DQ_c4": 0.0007722213036964597
    },
    "5": {
      "diag_roam_mean": 0.9392013805708607,
      "diag_dwell_mean": 1.0237462348717623,
      "diag_roam_norm_mean": 0.18784027611417217,
      "diag_dwell_norm_mean": 0.20474924697435243,
      "diag_roam_cv": 0.10703015347849595,
      "diag_dwell_cv": 0.06558316838399458,
      "diag_delta_mean": -0.0845448543009014,
      "diag_delta_range": [
        -0.3032220405792616,
        0.1627458662087038
      ],
      "rho_diag_r_vs_tau1": 0.8170280274986779,
      "rho_diag_d_vs_tau1": 0.6309360126916974,
      "rho_diag_roam_dwell": 0.24204124801692226,
      "frob_dD": 1.9455897708391976,
      "frob_Dr": 7.5722912933840325,
      "rel_change": 0.2569354103610718,
      "rho_dD_DQ_c4": 0.09017860771108586,
      "p_dD_DQ_c4": 0.0010337498093799143
    },
    "10": {
      "diag_roam_mean": 1.191075629115024,
      "diag_dwell_mean": 1.3612198761066094,
      "diag_roam_norm_mean": 0.11910756291150239,
      "diag_dwell_norm_mean": 0.13612198761066097,
      "diag_roam_cv": 0.09097945465842484,
      "diag_dwell_cv": 0.0503425935097348,
      "diag_delta_mean": -0.17014424699158565,
      "diag_delta_range": [
        -0.3778655680176164,
        0.07716117396778777
      ],
      "rho_diag_r_vs_tau1": 0.6735060814383922,
      "rho_diag_d_vs_tau1": 0.42369116869381274,
      "rho_diag_roam_dwell": 0.1022739291380222,
      "frob_dD": 3.043528627118991,
      "frob_Dr": 9.673212828281303,
      "rel_change": 0.3146347217979854,
      "rho_dD_DQ_c4": 0.10755907184382404,
      "p_dD_DQ_c4": 8.967177464600025e-05
    },
    "20": {
      "diag_roam_mean": 1.5050313087139353,
      "diag_dwell_mean": 1.6882245874521111,
      "diag_roam_norm_mean": 0.07525156543569678,
      "diag_dwell_norm_mean": 0.08441122937260555,
      "diag_roam_cv": 0.0846301830270114,
      "diag_dwell_cv": 0.03911498729967517,
      "diag_delta_mean": -0.18319327873817556,
      "diag_delta_range": [
        -0.4711154107770472,
        0.16626034253429123
      ],
      "rho_diag_r_vs_tau1": 0.48059227921734526,
      "rho_diag_d_vs_tau1": 0.2256478053939714,
      "rho_diag_roam_dwell": 0.033368588048651504,
      "frob_dD": 4.448097303623975,
      "frob_Dr": 12.389978108093693,
      "rel_change": 0.35900768062844896,
      "rho_dD_DQ_c4": 0.1382541354758715,
      "p_dD_DQ_c4": 4.549232584089803e-07
    }
  },
  "c2_omega_timescale": {
    "1": {
      "rho_dOmega_DQ_c4": 0.3310745897981739,
      "p_dOmega_DQ_c4": 3.691864186111276e-35,
      "rho_dOmega_vs_tau1": 1.0,
      "frob_dOmega": 1.0368982248619403,
      "anti_frac": 0.12466645984764764
    },
    "2": {
      "rho_dOmega_DQ_c4": 0.28548787856552654,
      "p_dOmega_DQ_c4": 3.4055470129782903e-26,
      "rho_dOmega_vs_tau1": 0.6501128527866397,
      "frob_dOmega": 1.4826147347767473,
      "anti_frac": 0.13083027982441112
    },
    "5": {
      "rho_dOmega_DQ_c4": 0.23350809502905423,
      "p_dOmega_DQ_c4": 8.105953671285057e-18,
      "rho_dOmega_vs_tau1": 0.33137755152503523,
      "frob_dOmega": 2.435214924785186,
      "anti_frac": 0.1297182412732942
    },
    "10": {
      "rho_dOmega_DQ_c4": 0.19423766165231993,
      "p_dOmega_DQ_c4": 1.0721070388175447e-12,
      "rho_dOmega_vs_tau1": 0.2379927841681476,
      "frob_dOmega": 3.445902636562872,
      "anti_frac": 0.13059446522716603
    },
    "20": {
      "rho_dOmega_DQ_c4": 0.13609294341121894,
      "p_dOmega_DQ_c4": 6.87691627635728e-07,
      "rho_dOmega_vs_tau1": 0.13287714689165248,
      "frob_dOmega": 4.568917303522617,
      "anti_frac": 0.14458603106570406
    }
  },
  "c3_precision_timescale": {
    "1": {
      "rho_dDnorm_DQ": 0.05569266181211396,
      "p_dDnorm_DQ": 0.04298704876140852,
      "rho_dDnorm_vs_tau1": 0.9999999999999999,
      "top20_overlap_vs_tau1": 20,
      "diag_Dr_norm_mean": 0.41762584044857076,
      "diag_Dd_norm_mean": 0.3989723880734135
    },
    "2": {
      "rho_dDnorm_DQ": 0.09240597412468891,
      "p_dDnorm_DQ": 0.0007722213036964597,
      "rho_dDnorm_vs_tau1": 0.590561094747512,
      "top20_overlap_vs_tau1": 10,
      "diag_Dr_norm_mean": 0.3115348065645699,
      "diag_Dd_norm_mean": 0.3093832726041306
    },
    "5": {
      "rho_dDnorm_DQ": 0.09017860771108586,
      "p_dDnorm_DQ": 0.0010337498093799143,
      "rho_dDnorm_vs_tau1": 0.22755077021935785,
      "top20_overlap_vs_tau1": 6,
      "diag_Dr_norm_mean": 0.18784027611417214,
      "diag_Dd_norm_mean": 0.20474924697435246
    },
    "10": {
      "rho_dDnorm_DQ": 0.10755907184382404,
      "p_dDnorm_DQ": 8.967177464600025e-05,
      "rho_dDnorm_vs_tau1": 0.13757959794027919,
      "top20_overlap_vs_tau1": 4,
      "diag_Dr_norm_mean": 0.1191075629115024,
      "diag_Dd_norm_mean": 0.13612198761066094
    },
    "20": {
      "rho_dDnorm_DQ": 0.1382541354758715,
      "p_dDnorm_DQ": 4.549232584089803e-07,
      "rho_dDnorm_vs_tau1": 0.08622124164405774,
      "top20_overlap_vs_tau1": 2,
      "diag_Dr_norm_mean": 0.07525156543569676,
      "diag_Dd_norm_mean": 0.08441122937260556
    }
  },
  "c4_pair_profiles": {
    "ADEL-URYVR": {
      "1": {
        "D_roam_ij": 0.008621531839027476,
        "D_dwell_ij": 0.011277575971928397,
        "deltaD_ij": -0.002656044132900921,
        "deltaOmega_ij": -0.06880039698078091,
        "deltaQ_ij": -0.12215820457863846,
        "rank_deltaD_among_c4": 896
      },
      "2": {
        "D_roam_ij": 0.030958373842313685,
        "D_dwell_ij": 0.020298715909575073,
        "deltaD_ij": 0.010659657932738612,
        "deltaOmega_ij": -0.08532093847817164,
        "deltaQ_ij": -0.12215820457863846,
        "rank_deltaD_among_c4": 497
      },
      "5": {
        "D_roam_ij": 0.05444824591422366,
        "D_dwell_ij": 0.05829026678858029,
        "deltaD_ij": -0.0038420208743566303,
        "deltaOmega_ij": -0.14669069007234187,
        "deltaQ_ij": -0.12215820457863846,
        "rank_deltaD_among_c4": 1184
      },
      "10": {
        "D_roam_ij": 0.08611792562597018,
        "D_dwell_ij": 0.11349056952038686,
        "deltaD_ij": -0.02737264389441668,
        "deltaOmega_ij": -0.21660199098555727,
        "deltaQ_ij": -0.12215820457863846,
        "rank_deltaD_among_c4": 672
      },
      "20": {
        "D_roam_ij": 0.18339900603752543,
        "D_dwell_ij": 0.16863571249984907,
        "deltaD_ij": 0.014763293537676359,
        "deltaOmega_ij": -0.24546479120227455,
        "deltaQ_ij": -0.12215820457863846,