{
  "condition": "oracle_z",
  "is_primary_condition": true,
  "framework_metadata": {
    "framework": "current_velocity_v1",
    "condition": "oracle_z",
    "temperature": 5.0,
    "kappa": 0.3,
    "ridge": 0.001,
    "n_runs": 5,
    "n_pairs": 9900,
    "method": "Omega_cond: partial correlation after z regression; Delta_PCor: z-mediated partial correlation change; Current_norm: normalized lag-1 asymmetry (z-conditioned)"
  },
  "schema_warnings": [],
  "blinding_checks": {
    "BC-1": true,
    "BC-2": true,
    "BC-3": true,
    "BC-4": true
  },
  "framework_metrics": {
    "auroc": {
      "S": 0.8530500240622721,
      "C": 0.4483500392459158,
      "M": 0.15609514200410224,
      "N": 0.6963264735524402,
      "LR": 0.4196520529405404,
      "Direct": 0.8584680406976617
    },
    "macro_auroc": 0.5384554197161826,
    "weighted_auroc": 0.6778714444509143,
    "auprc": {
      "S": 0.3204590516528627,
      "C": 0.07557225280416503,
      "M": 0.005798513035222445,
      "N": 0.915806174016794
    },
    "auprc_lift": {
      "S": 6.383389560087205,
      "C": 0.8730050207248936,
      "M": 0.6450031353786764,
      "N": 1.0720682420203689
    },
    "f1": {
      "S": {
        "f1": 0.42123585726718893,
        "precision": 0.37116564417177916,
        "recall": 0.4869215291750503,
        "threshold": 0.31870289358163495
      },
      "C": {
        "f1": 0.16074912212251266,
        "precision": 0.08770622671633847,
        "recall": 0.9614935822637106,
        "threshold": 0.22135804181159646
      },
      "M": {
        "f1": 0.0196078431372549,
        "precision": 0.07692307692307693,
        "recall": 0.011235955056179775,
        "threshold": 0.2523044389519467
      },
      "N": {
        "f1": 0.9226440079452659,
        "precision": 0.864901210303093,
        "recall": 0.9886484568996098,
        "threshold": 0.20152339198967495
      }
    },
    "balanced_accuracy": 0.2530779777850299,
    "confusion_matrix": [
      [
        495,
        2,
        0,
        0
      ],
      [
        843,
        14,
        0,
        0
      ],
      [
        89,
        0,
        0,
        0
      ],
      [
        8185,
        272,
        0,
        0
      ]
    ],
    "brier": {
      "S": {
        "brier_score": 0.09161203721237719,
        "baseline": 0.047681777369656154,
        "skill": -0.921321776706199
      },
      "C": {
        "brier_score": 0.10370893727585039,
        "baseline": 0.07907204366901337,
        "skill": -0.3115752731770063
      },
      "M": {
        "brier_score": 0.06452342339260403,
        "baseline": 0.008909080706050404,
        "skill": -6.242433368998935
      },
      "N": {
        "brier_score": 0.49729661818461773,
        "baseline": 0.12451230486685032,
        "skill": -2.9939556071700033
      }
    },
    "ece": 0.22067724406734573,
    "topk_precision": {
      "C": {
        "50": 0.0,
        "100": 0.03,
        "200": 0.065,
        "500": 0.07
      },
      "LR": {
        "50": 0.06,
        "100": 0.07,
        "200": 0.07,
        "500": 0.074
      }
    },
    "enrichment": {
      "C": {
        "50": 0.0,
        "100": 0.3465577596266044,
        "200": 0.7508751458576429,
        "500": 0.808634772462077
      },
      "LR": {
        "50": 0.6279069767441859,
        "100": 0.7325581395348838,
        "200": 0.7325581395348838,
        "500": 0.7744186046511627
      }
    },
    "ci_95": {
      "macro_auroc": {
        "lower": 0.5254947290881398,
        "upper": 0.5521959114070684
      },
      "c_auroc": {
        "lower": 0.4283637014499652,
        "upper": 0.4676429834967284
      },
      "lr_auroc": {
        "lower": 0.39939883387785946,
        "upper": 0.4387444826163753
      }
    }
  },
  "baseline_metrics": {
    "B1": {
      "macro_auroc": 0.5,
      "c_auroc": 0.5,
      "lr_auroc": 0.5,
      "direct_auroc": 0.5
    },
    "B2": {
      "macro_auroc": 0.5,
      "c_auroc": 0.5,
      "lr_auroc": 0.5,
      "direct_auroc": 0.5
    },
    "B3": {
      "macro_auroc": 0.5276714951772674,
      "c_auroc": 0.531412862002121,
      "lr_auroc": 0.5327119442053133,
      "direct_auroc": 0.5173330763407282
    },
    "B4": {
      "macro_auroc": 0.5,
      "c_auroc": 0.5,
      "lr_auroc": 0.5,
      "direct_auroc": 0.5
    },
    "B5": {
      "macro_auroc": 0.5348341303710367,
      "c_auroc": 0.5516666707527667,
      "lr_auroc": 0.550260410148936,
      "direct_auroc": 0.48984647134740106
    },
    "B6": {
      "macro_auroc": 0.6339965453716714,
      "c_auroc": 0.382959040115739,
      "lr_auroc": 0.36169621476175384,
      "direct_auroc": 0.7058169983019433
    }
  }
}