{
  "neurons": [
    "ADEL",
    "AIBL",
    "AIBR",
    "AIZL",
    "ASEL",
    "ASGL",
    "AUAL",
    "AVAL",
    "AVAR",
    "AVDL",
    "AVEL",
    "AVER",
    "AVJL",
    "AVJR",
    "AWAL",
    "AWBL",
    "AWCL",
    "CEPDL",
    "CEPDR",
    "CEPVL",
    "FLPL",
    "I1L",
    "I1R",
    "I2L",
    "I2R",
    "I3",
    "IL1DR",
    "IL1L",
    "IL1R",
    "IL2DL",
    "IL2DR",
    "IL2VL",
    "IL2VR",
    "M1",
    "M3L",
    "M3R",
    "M4",
    "MI",
    "NSML",
    "NSMR",
    "OLLL",
    "OLLR",
    "OLQDL",
    "OLQDR",
    "OLQVL",
    "OLQVR",
    "RICL",
    "RID",
    "RIVL",
    "RMDDR",
    "RMDL",
    "RMDVL",
    "RMDVR",
    "RMEL",
    "RMER",
    "SMDVL",
    "URBL",
    "URXL",
    "URYDL",
    "URYVL",
    "URYVR"
  ],
  "D_emp_cepnem_diagonal": [
    0.4408212352198484,
    0.33356280025593305,
    0.40063359521337316,
    0.46507230118949366,
    0.40251370477375936,
    0.39722235171019876,
    0.4168069693300368,
    0.4412608462870853,
    0.3294501741872139,
    0.37896064182205447,
    0.4262771159342823,
    0.38761063468053697,
    0.42471939357093885,
    0.4109279813465967,
    0.38084285579149757,
    0.4055290532853582,
    0.436041215533667,
    0.4081930148700935,
    0.4027493159714649,
    0.3569958812526633,
    0.412763699868857,
    0.3910755931044415,
    0.38409779361666385,
    0.4094804081027431,
    0.3538893349308717,
    0.4048669804869487,
    0.3465966701474913,
    0.3157238102033199,
    0.4168455010032243,
    0.3756123346502383,
    0.3920874956507532,
    0.4045748735750452,
    0.46580090643434935,
    0.3911314209259209,
    0.4225830294621732,
    0.40639276123565654,
    0.4437779540842293,
    0.33899879852148407,
    0.4333007220500552,
    0.3350520711058106,
    0.3727408942850298,
    0.39635298165336985,
    0.46640671633412073,
    0.4120194759677586,
    0.4403900150117343,
    0.4278378623903499,
    0.432695616683915,
    0.48266916966044004,
    0.36868693428642013,
    0.42568762525692755,
    0.39988263827043574,
    0.45429058582347454,
    0.3551189818159685,
    0.3860669734404593,
    0.4133376958932739,
    0.44907016003914774,
    0.41882418700132296,
    0.46406526473089177,
    0.3966666879326972,
    0.455109435560878,
    0.35091427986442575
  ],
  "D_emp_gcamp_diagonal": [
    0.28739705793798964,
    0.19577053457820576,
    0.2359653661151819,
    0.30051530043246033,
    0.2609004298455276,
    0.2209443374262813,
    0.22558937218169356,
    0.29037142358271345,
    0.18742338996495508,
    0.21492112665660207,
    0.21404256563689408,
    0.19792307358746652,
    0.26511988036671796,
    0.19016977801560853,
    0.20684764941964073,
    0.21715454022370825,
    0.2874285688881253,
    0.2316252884961954,
    0.21906547423261463,
    0.2224832573226487,
    0.19111383639913496,
    0.21778795996650818,
    0.2074782254772199,
    0.22214047614029364,
    0.20558476218714788,
    0.22613921486314711,
    0.21650128088756548,
    0.19240974365964156,
    0.1975725733522574,
    0.20166633497661443,
    0.22952022010862647,
    0.22035776674675414,
    0.29599811981162416,
    0.23065034927851377,
    0.23097445591057755,
    0.2634932919162633,
    0.24830321584710424,
    0.15628147009507393,
    0.21365898569541522,
    0.17033785914705019,
    0.21128843340516804,
    0.20080045509828645,
    0.2173879266203578,
    0.23398789670289322,
    0.24008467473605882,
    0.24421074080960914,
    0.26667833754923637,
    0.3225384549903663,
    0.2103466719493981,
    0.2714362510660159,
    0.22547103400461171,
    0.2781803719023274,
    0.20808304233985753,
    0.22658667336006566,
    0.22227447670318348,
    0.29180489081923,
    0.22987104346330203,
    0.2982204029130049,
    0.2142909565046261,
    0.27278589480312593,
    0.19637994951171797
  ]
}